Country,Code,Year,HappinessScore,GDPPerCapita_WB
Afghanistan,AFG,2011,4.258,2757.0525
Afghanistan,AFG,2012,4.04,2985.319
Afghanistan,AFG,2014,3.575,3017.9426
Afghanistan,AFG,2015,3.36,2967.6921
Afghanistan,AFG,2016,3.794,2958.7854
Afghanistan,AFG,2017,3.632,2952.999
Afghanistan,AFG,2018,3.203,2902.392
Afghanistan,AFG,2019,2.5669,2927.245
Afghanistan,AFG,2020,2.523,2769.6858
Afghanistan,AFG,2021,2.404,2144.1665
Afghanistan,AFG,2022,1.859,1981.7102
Afghanistan,AFG,2023,1.721,1983.8126
Afghanistan,AFG,2024,1.364,1964.4523
Albania,ALB,2011,5.134,12153.063
Albania,ALB,2012,5.55,12463.519
Albania,ALB,2014,4.959,13366.504
Albania,ALB,2015,4.655,13876.762
Albania,ALB,2016,4.644,14643.429
Albania,ALB,2017,4.586,15359.397
Albania,ALB,2018,4.719,16170.924
Albania,ALB,2019,4.8827,16761.123
Albania,ALB,2020,5.117,16457.719
Albania,ALB,2021,5.199,18212.795
Albania,ALB,2022,5.277,19388.793
Albania,ALB,2023,5.304,20501.646
Albania,ALB,2024,5.411,21640.984
Algeria,DZA,2011,5.368,14641.964
Algeria,DZA,2012,5.422,14697.54
Algeria,DZA,2014,5.605,15073.763
Algeria,DZA,2015,6.355,15239.518
Algeria,DZA,2016,5.872,15511.686
Algeria,DZA,2017,5.295,15427.664
Algeria,DZA,2018,5.211,15343.426
Algeria,DZA,2019,5.0051,15199.199
Algeria,DZA,2020,4.887,14194.155
Algeria,DZA,2021,5.122,14496.865
Algeria,DZA,2022,5.329,14782.2
Algeria,DZA,2023,5.364,15159.324
Algeria,DZA,2024,5.571,15501.92
Angola,AGO,2011,4.178,11034.592
Angola,AGO,2012,5.589,11516.813
Angola,AGO,2014,4.033,11718.429
Angola,AGO,2015,3.866,11389.761
Angola,AGO,2016,3.795,10963.997
Angola,AGO,2017,3.795,10565.168
Argentina,ARG,2011,6.242,29425.76
Argentina,ARG,2012,6.562,28825.967
Argentina,ARG,2014,6.574,28200.814
Argentina,ARG,2015,6.65,28669.207
Argentina,ARG,2016,6.599,27802.105
Argentina,ARG,2017,6.388,28334.904
Argentina,ARG,2018,6.086,27367.115
Argentina,ARG,2019,5.9747,26629.553
Argentina,ARG,2020,5.929,23877.094
Argentina,ARG,2021,5.967,26300.273
Argentina,ARG,2022,6.024,27825.027
Argentina,ARG,2023,6.188,27230.396
Argentina,ARG,2024,6.397,26771.965
Armenia,ARM,2011,4.474,10990.177
Armenia,ARM,2012,4.316,11796.274
Armenia,ARM,2014,4.35,12667.376
Armenia,ARM,2015,4.36,13112.76
Armenia,ARM,2016,4.376,13192.994
Armenia,ARM,2017,4.321,14243.875
Armenia,ARM,2018,4.559,15037.045
Armenia,ARM,2019,4.6768,16215.36
Armenia,ARM,2020,5.283,15052.936
Armenia,ARM,2021,5.399,15921.705
Armenia,ARM,2022,5.342,17886.178
Armenia,ARM,2023,5.455,19402.752
Armenia,ARM,2024,5.494,20078.785
Australia,AUS,2011,7.345,53257.047
Australia,AUS,2012,7.35,54403.883
Australia,AUS,2014,7.284,55489.07
Australia,AUS,2015,7.313,55879.996
Australia,AUS,2016,7.284,56529.953
Australia,AUS,2017,7.272,56881.855
Australia,AUS,2018,7.228,57647.844
Australia,AUS,2019,7.2228,58048.617
Australia,AUS,2020,7.183,57260.465
Australia,AUS,2021,7.162,58327.414
Australia,AUS,2022,7.095,60029.133
Australia,AUS,2023,7.057,60684.96
Australia,AUS,2024,6.974,60309.582
Austria,AUT,2011,7.227,61272.17
Austria,AUT,2012,7.369,61376.633
Austria,AUT,2014,7.2,60845.574
Austria,AUT,2015,7.119,60951.605
Austria,AUT,2016,7.006,61572.625
Austria,AUT,2017,7.139,62535.812
Austria,AUT,2018,7.246,63777.938
Austria,AUT,2019,7.2942,64609.285
Austria,AUT,2020,7.268,60276.332
Austria,AUT,2021,7.163,62968.855
Austria,AUT,2022,7.097,65694.46
Austria,AUT,2023,6.905,64536.207
Austria,AUT,2024,6.81,63787.99
Azerbaijan,AZE,2011,4.582,19358.078
Azerbaijan,AZE,2012,4.604,19523.373
Azerbaijan,AZE,2014,5.212,20709.201
Azerbaijan,AZE,2015,5.291,20678.754
Azerbaijan,AZE,2016,5.234,19822.41
Azerbaijan,AZE,2017,5.201,19659.004
Azerbaijan,AZE,2018,5.208,19781.852
Azerbaijan,AZE,2019,5.1648,20101.492
Azerbaijan,AZE,2020,5.171,19126.098
Azerbaijan,AZE,2021,5.173,20111.375
Azerbaijan,AZE,2023,4.893,21310.738
Azerbaijan,AZE,2024,4.875,22090.53
Bahrain,BHR,2011,5.568,53132.33
Bahrain,BHR,2012,5.312,54516.84
Bahrain,BHR,2014,5.96,55065.82
Bahrain,BHR,2015,6.218,54149.914
Bahrain,BHR,2016,6.087,54107.074
Bahrain,BHR,2017,6.105,53859.773
Bahrain,BHR,2018,6.199,54893.074
Bahrain,BHR,2019,6.2273,56749.96
Bahrain,BHR,2020,6.647,53814.246
Bahrain,BHR,2021,6.647,54954.676
Bahrain,BHR,2022,6.173,57572.996
Bahrain,BHR,2023,5.959,57819.906
Bahrain,BHR,2024,6.03,59060.184
Bangladesh,BGD,2011,4.807,4352.4263
Bangladesh,BGD,2012,4.804,4592.0483
Bangladesh,BGD,2014,4.694,5068.6396
Bangladesh,BGD,2015,4.643,5352.7114
Bangladesh,BGD,2016,4.608,5682.5356
Bangladesh,BGD,2017,4.5,6005.707
Bangladesh,BGD,2018,4.456,6392.5933
Bangladesh,BGD,2019,4.8328,6838.326
Bangladesh,BGD,2020,5.025,7015.1978
Bangladesh,BGD,2021,5.155,7441.0693
Bangladesh,BGD,2022,4.282,7888.164
Bangladesh,BGD,2023,3.886,8242.398
Bangladesh,BGD,2024,3.851,8486.785
Belarus,BLR,2011,5.566,25404.756
Belarus,BLR,2012,5.504,25879.133
Belarus,BLR,2014,5.813,26564.436
Belarus,BLR,2015,5.802,25513.213
Belarus,BLR,2016,5.569,24846.83
Belarus,BLR,2017,5.483,25503.98
Belarus,BLR,2018,5.323,26363.463
Belarus,BLR,2019,5.5399,26798.82
Belarus,BLR,2020,5.534,26731.496
Belarus,BLR,2021,5.821,27611.18
Belgium,BEL,2011,7.113,56585.3
Belgium,BEL,2012,6.967,56356.824
Belgium,BEL,2014,6.937,57002.91
Belgium,BEL,2015,6.929,57509.023
Belgium,BEL,2016,6.891,57901.496
Belgium,BEL,2017,6.927,58529.332
Belgium,BEL,2018,6.923,59357.69
Belgium,BEL,2019,6.8635,60479.977
Belgium,BEL,2020,6.834,57333.543
Belgium,BEL,2021,6.805,60669.215
Belgium,BEL,2022,6.859,62602.926
Belgium,BEL,2023,6.894,63042.01
Belgium,BEL,2024,6.91,63311.277
Belize,BLZ,2011,6.451,11641.771
Belize,BLZ,2015,5.956,12348.795
Belize,BLZ,2016,5.956,12063.06
Belize,BLZ,2017,5.956,11572.301
Belize,BLZ,2024,6.711,12621.408
Benin,BEN,2011,3.493,2732.0125
Benin,BEN,2012,3.528,2779.7266
Benin,BEN,2014,3.34,2987.3823
Benin,BEN,2015,3.484,2952.0022
Benin,BEN,2016,3.657,2962.6638
Benin,BEN,2017,4.141,3041.7793
Benin,BEN,2018,4.883,3155.4512
Benin,BEN,2019,5.216,3281.1047
Benin,BEN,2020,5.045,3317.8596
Benin,BEN,2021,4.623,3464.2886
Benin,BEN,2022,4.374,3588.3252
Benin,BEN,2023,4.377,3721.2126
Benin,BEN,2024,4.357,3901.326
Bhutan,BTN,2014,5.253,11744.519
Bhutan,BTN,2015,5.196,12400.298
Bhutan,BTN,2016,5.011,13320.976
Bhutan,BTN,2017,5.082,13482.343
Bhutan,BTN,2018,5.082,13854.8545
Bolivia,BOL,2011,5.633,9554.445
Bolivia,BOL,2012,5.857,9884.462
Bolivia,BOL,2014,5.89,10790.848
Bolivia,BOL,2015,5.822,11144.642
Bolivia,BOL,2016,5.823,11448.021
Bolivia,BOL,2017,5.752,11755.256
Bolivia,BOL,2018,5.779,11920.313
Bolivia,BOL,2019,5.7475,11930.916
Bolivia,BOL,2020,5.716,10285.659
Bolivia,BOL,2021,5.6,11202.441
Bolivia,BOL,2022,5.684,11487.715
Bolivia,BOL,2023,5.784,11616.157
Bolivia,BOL,2024,5.868,11329.151
Bosnia and Herzegovina,BIH,2011,4.857,12487.649
Bosnia and Herzegovina,BIH,2012,4.813,12626.927
Bosnia and Herzegovina,BIH,2014,4.949,13458.853
Bosnia and Herzegovina,BIH,2015,5.163,14220.09
Bosnia and Herzegovina,BIH,2016,5.182,14873.641
Bosnia and Herzegovina,BIH,2017,5.129,15554.659
Bosnia and Herzegovina,BIH,2018,5.386,16349.0
Bosnia and Herzegovina,BIH,2019,5.6741,17029.297
Bosnia and Herzegovina,BIH,2020,5.813,16747.035
Bosnia and Herzegovina,BIH,2021,5.768,18286.662
Bosnia and Herzegovina,BIH,2022,5.633,19298.117
Bosnia and Herzegovina,BIH,2023,5.877,19804.918
Bosnia and Herzegovina,BIH,2024,6.136,20578.5
Botswana,BWA,2011,4.581,15236.719
Botswana,BWA,2012,3.97,14957.619
Botswana,BWA,2014,4.332,17052.193
Botswana,BWA,2015,3.974,15994.964
Botswana,BWA,2016,3.766,16905.588
Botswana,BWA,2017,3.59,17352.896
Botswana,BWA,2018,3.488,17825.02
Botswana,BWA,2019,3.4789,18106.01
Botswana,BWA,2020,3.467,16289.392
Botswana,BWA,2021,3.471,17960.625
Botswana,BWA,2022,3.435,18647.373
Botswana,BWA,2023,3.383,18932.48
Botswana,BWA,2024,3.438,18107.615
Brazil,BRA,2011,6.697,18627.81
Brazil,BRA,2012,6.849,18832.219
Brazil,BRA,2014,6.983,19183.172
Brazil,BRA,2015,6.952,18357.068
Brazil,BRA,2016,6.635,17620.928
Brazil,BRA,2017,6.419,17724.48
Brazil,BRA,2018,6.3,17917.75
Brazil,BRA,2019,6.3756,18018.621
Brazil,BRA,2020,6.33,17327.516
Brazil,BRA,2021,6.293,18075.705
Brazil,BRA,2022,6.125,18554.047
Brazil,BRA,2023,6.272,19079.812
Brazil,BRA,2024,6.494,19652.365
Bulgaria,BGR,2011,3.889,22321.033
Bulgaria,BGR,2012,3.981,22618.81
Bulgaria,BGR,2014,4.218,23455.482
Bulgaria,BGR,2015,4.217,24562.648
Bulgaria,BGR,2016,4.714,25636.744
Bulgaria,BGR,2017,4.933,26691.758
Bulgaria,BGR,2018,5.011,27690.895
Bulgaria,BGR,2019,5.1015,29149.922
Bulgaria,BGR,2020,5.266,28521.207
Bulgaria,BGR,2021,5.371,30958.982
Bulgaria,BGR,2022,5.466,32433.658
Bulgaria,BGR,2023,5.463,33073.68
Bulgaria,BGR,2024,5.554,34221.387
Burkina Faso,BFA,2011,3.926,1939.8666
Burkina Faso,BFA,2012,4.259,2003.6647
Burkina Faso,BFA,2014,3.587,2083.1985
Burkina Faso,BFA,2015,3.739,2101.7026
Burkina Faso,BFA,2016,4.032,2162.7258
Burkina Faso,BFA,2017,4.424,2232.2878
Burkina Faso,BFA,2018,4.587,2316.3943
Burkina Faso,BFA,2019,4.7687,2391.5364
Burkina Faso,BFA,2020,4.834,2380.9316
Burkina Faso,BFA,2021,4.67,2486.431
Burkina Faso,BFA,2022,4.638,2469.1995
Burkina Faso,BFA,2023,4.548,2486.2068
Burkina Faso,BFA,2024,4.383,2548.5024
Burundi,BDI,2011,3.678,991.6599
Burundi,BDI,2012,3.706,999.2201
Burundi,BDI,2014,2.906,1019.1761
Burundi,BDI,2015,2.905,992.2858
Burundi,BDI,2016,2.905,1006.5591
Burundi,BDI,2017,2.905,1020.84985
Burundi,BDI,2018,3.775,1043.4056
Burundi,BDI,2019,3.7753,1054.726
Burundi,BDI,2020,3.775,1027.6289
Cambodia,KHM,2011,4.101,3921.979
Cambodia,KHM,2012,4.067,4159.1636
Cambodia,KHM,2014,3.819,4702.7305
Cambodia,KHM,2015,3.907,4968.5728
Cambodia,KHM,2016,4.168,5283.7295
Cambodia,KHM,2017,4.433,5632.0312
Cambodia,KHM,2018,4.7,6050.591
Cambodia,KHM,2019,4.8484,6448.885
Cambodia,KHM,2020,4.83,6128.782
Cambodia,KHM,2021,4.64,6225.5327
Cambodia,KHM,2022,4.393,6458.368
Cambodia,KHM,2023,4.341,6695.292
Cambodia,KHM,2024,4.341,7011.5815
Cameroon,CMR,2011,4.376,4307.852
Cameroon,CMR,2012,4.42,4382.1113
Cameroon,CMR,2014,4.252,4588.4863
Cameroon,CMR,2015,4.513,4698.667
Cameroon,CMR,2016,4.695,4767.132
Cameroon,CMR,2017,4.975,4797.9756
Cameroon,CMR,2018,5.044,4851.48
Cameroon,CMR,2019,5.0849,4882.3555
Cameroon,CMR,2020,5.142,4763.482
Cameroon,CMR,2021,5.048,4793.556
Cameroon,CMR,2022,4.973,4843.6504
Cameroon,CMR,2023,4.874,4875.251
Cameroon,CMR,2024,4.887,4916.9336
Canada,CAN,2011,7.499,53681.11
Canada,CAN,2012,7.477,54034.78
Canada,CAN,2014,7.427,55723.46
Canada,CAN,2015,7.404,55660.844
Canada,CAN,2016,7.316,55606.133
Canada,CAN,2017,7.328,56612.305
Canada,CAN,2018,7.278,57337.47
Canada,CAN,2019,7.2321,57583.824
Canada,CAN,2020,7.103,54092.86
Canada,CAN,2021,7.025,56995.094
Canada,CAN,2022,6.961,58583.13
Canada,CAN,2023,6.9,58088.38
Canada,CAN,2024,6.803,57534.09
Central African Republic,CAF,2011,3.568,1517.1484
Central African Republic,CAF,2012,3.623,1577.9806
Central African Republic,CAF,2014,3.678,1001.85596
Central African Republic,CAF,2016,2.693,1073.9448
Central African Republic,CAF,2017,3.083,1103.8661
Central African Republic,CAF,2018,3.083,1125.7009
Central African Republic,CAF,2019,3.4759,1145.0956
Chad,TCD,2011,3.919,2741.0708
Chad,TCD,2012,4.056,2886.2747
Chad,TCD,2014,3.667,2820.678
Chad,TCD,2015,3.763,2822.5793
Chad,TCD,2016,3.936,2622.598
Chad,TCD,2017,4.301,2496.2622
Chad,TCD,2018,4.35,2552.3704
Chad,TCD,2019,4.4227,2604.5315
Chad,TCD,2020,4.355,2513.0293
Chad,TCD,2021,4.251,2435.0728
Chad,TCD,2022,4.397,2449.4824
Chad,TCD,2023,4.471,2433.5332
Chad,TCD,2024,4.384,2430.733
Chile,CHL,2011,6.128,25372.273
Chile,CHL,2012,6.587,26676.81
Chile,CHL,2014,6.67,27511.56
Chile,CHL,2015,6.705,27817.959
Chile,CHL,2016,6.652,27965.348
Chile,CHL,2017,6.476,27899.598
Chile,CHL,2018,6.444,28499.406
Chile,CHL,2019,6.2285,28227.979
Chile,CHL,2020,6.172,26258.404
Chile,CHL,2021,6.172,29106.635
Chile,CHL,2022,6.334,29560.451
Chile,CHL,2023,6.36,29600.418
Chile,CHL,2024,6.361,30267.645
China,CHN,2011,4.68,11404.918
China,CHN,2012,4.978,12217.935
China,CHN,2014,5.14,13968.519
China,CHN,2015,5.245,14857.108
China,CHN,2016,5.273,15772.837
China,CHN,2017,5.246,16758.047
China,CHN,2018,5.191,17807.049
China,CHN,2019,5.1239,18820.588
China,CHN,2020,5.339,19215.102
China,CHN,2021,5.585,20843.297
China,CHN,2022,5.818,21499.312
China,CHN,2023,5.973,22687.252
China,CHN,2024,5.921,23841.477
Colombia,COL,2011,6.202,14852.37
Colombia,COL,2012,6.416,15279.479
Colombia,COL,2014,6.477,16480.363
Colombia,COL,2015,6.481,16821.38
Colombia,COL,2016,6.357,17003.244
Colombia,COL,2017,6.26,16986.033
Colombia,COL,2018,6.125,17104.13
Colombia,COL,2019,6.1634,17336.771
Colombia,COL,2020,6.012,15861.5
Colombia,COL,2021,5.781,17383.09
Colombia,COL,2022,5.63,18458.72
Colombia,COL,2023,5.695,18406.625
Colombia,COL,2024,6.004,18481.838
Comoros,COM,2011,3.7,3293.834
Comoros,COM,2012,3.851,3330.5244
Comoros,COM,2014,3.956,3403.4128
Comoros,COM,2015,3.956,3370.5557
Comoros,COM,2018,3.973,3528.9587
Comoros,COM,2019,4.2886,3522.6687
Comoros,COM,2020,4.289,3447.4727
Comoros,COM,2021,4.609,3449.0435
Comoros,COM,2022,3.545,3465.8403
Comoros,COM,2023,3.566,3508.1587
Comoros,COM,2024,3.754,3556.0383
Congo,COG,2011,3.82,8492.421
Congo,COG,2012,4.297,9079.687
Congo,COG,2014,3.989,9159.257
Congo,COG,2015,4.236,8977.707
Congo,COG,2016,4.291,8001.8257
Congo,COG,2017,4.559,7372.7705
Congo,COG,2018,4.812,7029.3364
Congo,COG,2019,5.1944,6939.369
Congo,COG,2020,5.342,6350.5093
Congo,COG,2021,5.075,6263.2114
Congo,COG,2022,5.267,6205.105
Congo,COG,2023,5.221,6172.2876
Congo,COG,2024,5.03,6152.565
Costa Rica,CRI,2011,7.251,19264.457
Costa Rica,CRI,2012,7.257,19970.686
Costa Rica,CRI,2014,7.226,20735.193
Costa Rica,CRI,2015,7.087,21265.318
Costa Rica,CRI,2016,7.079,21936.467
Costa Rica,CRI,2017,7.072,22633.766
Costa Rica,CRI,2018,7.167,23069.861
Costa Rica,CRI,2019,7.1214,23496.83
Costa Rica,CRI,2020,7.069,22368.139
Costa Rica,CRI,2021,6.582,24083.6
Costa Rica,CRI,2022,6.609,25290.008
Costa Rica,CRI,2023,6.955,26378.541
Costa Rica,CRI,2024,7.274,27325.047
Cote d'Ivoire,CIV,2011,4.197,4017.4375
Cote d'Ivoire,CIV,2014,3.655,4907.611
Cote d'Ivoire,CIV,2015,3.916,5110.9004
Cote d'Ivoire,CIV,2016,4.18,5320.8857
Cote d'Ivoire,CIV,2017,4.671,5556.155
Cote d'Ivoire,CIV,2018,4.944,5670.242
Cote d'Ivoire,CIV,2019,5.2333,5894.9224
Cote d'Ivoire,CIV,2020,5.306,5787.858
Cote d'Ivoire,CIV,2021,5.235,6045.2046
Cote d'Ivoire,CIV,2022,5.053,6272.264
Cote d'Ivoire,CIV,2023,5.08,6520.899
Cote d'Ivoire,CIV,2024,5.102,6747.038
Croatia,HRV,2011,5.623,28769.023
Croatia,HRV,2012,5.661,28259.164
Croatia,HRV,2014,5.759,28456.336
Croatia,HRV,2015,5.488,29466.451
Croatia,HRV,2016,5.293,30820.805
Croatia,HRV,2017,5.321,32348.588
Croatia,HRV,2018,5.432,33729.547
Croatia,HRV,2019,5.5047,35122.797
Croatia,HRV,2020,5.882,32493.402
Croatia,HRV,2021,6.125,36930.074
Croatia,HRV,2022,6.125,39863.91
Croatia,HRV,2023,5.942,41320.258
Croatia,HRV,2024,5.87,42828.8
Cyprus,CYP,2011,6.416,41212.688
Cyprus,CYP,2012,6.466,39190.223
Cyprus,CYP,2014,5.689,36104.902
Cyprus,CYP,2015,5.546,37258.5
Cyprus,CYP,2016,5.621,39500.85
Cyprus,CYP,2017,5.762,41417.99
Cyprus,CYP,2018,6.046,43510.03
Cyprus,CYP,2019,6.159,45454.176
Cyprus,CYP,2020,6.223,43402.36
Cyprus,CYP,2021,6.221,47632.57
Cyprus,CYP,2022,6.13,50840.914
Cyprus,CYP,2023,6.068,51674.902
Cyprus,CYP,2024,5.942,52861.836
Czechia,CZE,2011,6.36,39708.164
Czechia,CZE,2012,6.29,39347.05
Czechia,CZE,2014,6.505,40158.016
Czechia,CZE,2015,6.596,42066.574
Czechia,CZE,2016,6.609,43069.465
Czechia,CZE,2017,6.711,45177.523
Czechia,CZE,2018,6.852,46301.082
Czechia,CZE,2019,6.9109,47763.617
Czechia,CZE,2020,6.965,45119.938
Czechia,CZE,2021,6.92,47796.035
Czechia,CZE,2022,6.845,48390.66
Czechia,CZE,2023,6.822,47558.41
Czechia,CZE,2024,6.775,47972.53
Democratic Republic of Congo,COD,2011,3.984,1124.7721
Democratic Republic of Congo,COD,2012,4.578,1182.1407
Democratic Republic of Congo,COD,2014,4.517,1392.7584
Democratic Republic of Congo,COD,2015,4.272,1433.2158
Democratic Republic of Congo,COD,2016,4.28,1388.8016
Democratic Republic of Congo,COD,2017,4.245,1395.7196
Democratic Republic of Congo,COD,2018,4.418,1431.7285
Democratic Republic of Congo,COD,2019,4.311,1394.7646
Democratic Republic of Congo,COD,2022,3.207,1484.3384
Democratic Republic of Congo,COD,2023,3.295,1559.338
Democratic Republic of Congo,COD,2024,3.469,1601.7092
Denmark,DNK,2011,7.856,60391.78
Denmark,DNK,2012,7.693,60161.7
Denmark,DNK,2014,7.527,61210.95
Denmark,DNK,2015,7.526,62059.13
Denmark,DNK,2016,7.522,63468.99
Denmark,DNK,2017,7.555,64989.445
Denmark,DNK,2018,7.6,65870.83
Denmark,DNK,2019,7.6456,66758.63
Denmark,DNK,2020,7.62,65379.305
Denmark,DNK,2021,7.636,69328.0
Denmark,DNK,2022,7.586,69089.47
Denmark,DNK,2023,7.583,68993.91
Denmark,DNK,2024,7.521,71034.58
Djibouti,DJI,2014,4.369,4705.0493
Dominican Republic,DOM,2011,5.036,15258.086
Dominican Republic,DOM,2012,4.963,15487.277
Dominican Republic,DOM,2014,4.885,16993.588
Dominican Republic,DOM,2015,5.155,17973.188
Dominican Republic,DOM,2016,5.23,18968.975
Dominican Republic,DOM,2017,5.302,19501.875
Dominican Republic,DOM,2018,5.425,20662.848
Dominican Republic,DOM,2019,5.6892,21451.287
Dominican Republic,DOM,2020,5.545,19545.41
Dominican Republic,DOM,2021,5.737,22053.459
Dominican Republic,DOM,2022,5.569,22986.959
Dominican Republic,DOM,2023,5.823,23282.49
Dominican Republic,DOM,2024,5.846,24229.889
Ecuador,ECU,2011,5.425,12449.078
Ecuador,ECU,2012,5.865,12961.026
Ecuador,ECU,2014,5.975,14064.799
Ecuador,ECU,2015,5.976,13881.57
Ecuador,ECU,2016,6.008,13586.516
Ecuador,ECU,2017,5.973,14179.153
Ecuador,ECU,2018,6.028,14083.507
Ecuador,ECU,2019,5.9252,13870.489
Ecuador,ECU,2020,5.764,12440.326
Ecuador,ECU,2021,5.533,13507.444
Ecuador,ECU,2022,5.559,14186.639
Ecuador,ECU,2023,5.725,14321.165
Ecuador,ECU,2024,5.965,13922.422
Egypt,EGY,2011,4.853,13082.427
Egypt,EGY,2012,4.273,13076.806
Egypt,EGY,2014,4.194,13136.365
Egypt,EGY,2015,4.362,13425.912
Egypt,EGY,2016,4.735,13727.32
Egypt,EGY,2017,4.419,14018.36
Egypt,EGY,2018,4.166,14488.209
Egypt,EGY,2019,4.1514,15026.568
Egypt,EGY,2020,4.283,15309.236
Egypt,EGY,2021,4.288,15579.016
Egypt,EGY,2022,4.17,16360.391
Egypt,EGY,2023,3.977,16691.387
Egypt,EGY,2024,3.817,16798.152
El Salvador,SLV,2011,5.956,8945.932
El Salvador,SLV,2012,5.809,9162.5625
El Salvador,SLV,2014,6.13,9451.744
El Salvador,SLV,2015,6.068,9646.154
El Salvador,SLV,2016,6.003,9863.761
El Salvador,SLV,2017,6.167,10064.794
El Salvador,SLV,2018,6.253,10297.203
El Salvador,SLV,2019,6.3483,10543.938
El Salvador,SLV,2020,6.061,9692.449
El Salvador,SLV,2021,6.12,10809.714
El Salvador,SLV,2022,6.122,11085.616
El Salvador,SLV,2023,6.469,11404.334
El Salvador,SLV,2024,6.492,11647.023
Estonia,EST,2011,5.33,32453.102
Estonia,EST,2012,5.426,33765.43
Estonia,EST,2014,5.429,35720.3
Estonia,EST,2015,5.517,36353.06
Estonia,EST,2016,5.611,37466.555
Estonia,EST,2017,5.739,39529.785
Estonia,EST,2018,5.893,40849.848
Estonia,EST,2019,6.0218,42215.035
Estonia,EST,2020,6.189,40916.72
Estonia,EST,2021,6.341,44247.418
Estonia,EST,2022,6.455,43124.62
Estonia,EST,2023,6.448,41284.773
Estonia,EST,2024,6.417,41185.836
Eswatini,SWZ,2012,4.867,8645.845
Eswatini,SWZ,2014,4.867,9084.494
Eswatini,SWZ,2018,4.212,9578.101
Eswatini,SWZ,2019,4.3081,10099.586
Eswatini,SWZ,2020,4.308,9695.825
Eswatini,SWZ,2021,4.396,9990.435
Eswatini,SWZ,2023,3.502,10181.504
Eswatini,SWZ,2024,3.774,10386.215
Ethiopia,ETH,2011,4.064,1492.5339
Ethiopia,ETH,2012,4.561,1576.7688
Ethiopia,ETH,2014,4.512,1821.3916
Ethiopia,ETH,2015,4.508,1957.4146
Ethiopia,ETH,2016,4.46,2084.8406
Ethiopia,ETH,2017,4.35,2222.8281
Ethiopia,ETH,2018,4.286,2311.165
Ethiopia,ETH,2019,4.1862,2437.9705
Ethiopia,ETH,2020,4.275,2516.549
Ethiopia,ETH,2021,4.241,2588.413
Ethiopia,ETH,2022,4.091,2655.5928
Ethiopia,ETH,2023,3.861,2757.9592
Ethiopia,ETH,2024,3.898,2892.2222
Finland,FIN,2011,7.579,55053.39
Finland,FIN,2012,7.389,53957.668
Finland,FIN,2014,7.406,52710.734
Finland,FIN,2015,7.413,52782.49
Finland,FIN,2016,7.469,53984.633
Finland,FIN,2017,7.632,55637.227
Finland,FIN,2018,7.769,56226.336
Finland,FIN,2019,7.8087,56922.49
Finland,FIN,2020,7.842,55424.86
Finland,FIN,2021,7.821,56790.375
Finland,FIN,2022,7.804,57068.305
Finland,FIN,2023,7.741,56051.77
Finland,FIN,2024,7.736,55901.32
France,FRA,2011,6.746,50085.684
France,FRA,2012,6.764,49935.625
France,FRA,2014,6.575,50326.566
France,FRA,2015,6.478,50682.895
France,FRA,2016,6.442,50984.074
France,FRA,2017,6.489,51895.566
France,FRA,2018,6.592,52560.953
France,FRA,2019,6.6638,53448.555
France,FRA,2020,6.69,49311.332
France,FRA,2021,6.687,52517.336
France,FRA,2022,6.661,53673.812
France,FRA,2023,6.609,54296.723
France,FRA,2024,6.593,54799.348
Gabon,GAB,2012,4.114,19450.402
Gabon,GAB,2014,3.896,20008.99
Gabon,GAB,2015,4.121,20147.71
Gabon,GAB,2016,4.465,19988.176
Gabon,GAB,2017,4.758,19555.707
Gabon,GAB,2018,4.799,19225.598
Gabon,GAB,2019,4.8293,19491.406
Gabon,GAB,2020,4.852,18681.484
Gabon,GAB,2021,4.958,18523.58
Gabon,GAB,2022,5.035,18662.049
Gabon,GAB,2023,5.106,18701.422
Gabon,GAB,2024,5.12,18923.662
Gambia,GMB,2018,4.516,2651.4329
Gambia,GMB,2019,4.7506,2750.8213
Gambia,GMB,2020,5.051,2702.319
Gambia,GMB,2021,5.164,2777.7961
Gambia,GMB,2022,4.279,2863.1804
Gambia,GMB,2023,4.485,2963.5986
Gambia,GMB,2024,4.423,3057.684
Georgia,GEO,2011,3.892,12288.683
Georgia,GEO,2012,4.187,13193.96
Georgia,GEO,2014,4.297,14475.313
Georgia,GEO,2015,4.252,14936.844
Georgia,GEO,2016,4.286,15442.956
Georgia,GEO,2017,4.34,16237.624
Georgia,GEO,2018,4.519,17228.68
Georgia,GEO,2019,4.6726,18186.88
Georgia,GEO,2020,4.891,17031.145
Georgia,GEO,2021,4.973,18915.654
Georgia,GEO,2022,5.109,20966.527
Georgia,GEO,2023,5.185,22590.53
Georgia,GEO,2024,5.4,24146.623
Germany,DEU,2011,6.572,57950.957
Germany,DEU,2012,6.672,58110.375
Germany,DEU,2014,6.75,59203.234
Germany,DEU,2015,6.994,59668.99
Germany,DEU,2016,6.951,60504.586
Germany,DEU,2017,6.965,61965.434
Germany,DEU,2018,6.985,62481.117
Germany,DEU,2019,7.0758,62949.895
Germany,DEU,2020,7.155,60299.58
Germany,DEU,2021,7.034,62630.773
Germany,DEU,2022,6.892,63777.93
Germany,DEU,2023,6.719,63140.195
Germany,DEU,2024,6.753,62654.6
Ghana,GHA,2011,4.705,5005.367
Ghana,GHA,2012,5.091,5339.7134
Ghana,GHA,2014,4.633,5619.0723
Ghana,GHA,2015,4.276,5607.366
Ghana,GHA,2016,4.12,5666.078
Ghana,GHA,2017,4.657,5993.631
Ghana,GHA,2018,4.996,6234.512
Ghana,GHA,2019,5.148,6508.2466
Ghana,GHA,2020,5.088,6412.6855
Ghana,GHA,2021,4.872,6607.503
Ghana,GHA,2022,4.605,6728.454
Ghana,GHA,2023,4.289,6808.5376
Ghana,GHA,2024,4.34,7072.799
Greece,GRC,2011,6.133,33906.492
Greece,GRC,2012,5.435,31250.227
Greece,GRC,2014,4.857,31213.377
Greece,GRC,2015,5.033,31347.977
Greece,GRC,2016,5.227,31468.62
Greece,GRC,2017,5.358,31995.41
Greece,GRC,2018,5.287,32722.33
Greece,GRC,2019,5.515,33502.75
Greece,GRC,2020,5.723,30487.113
Greece,GRC,2021,5.948,33528.227
Greece,GRC,2022,5.931,35828.176
Greece,GRC,2023,5.934,36700.51
Greece,GRC,2024,5.776,37474.28
Guatemala,GTM,2011,6.277,10032.094
Guatemala,GTM,2012,5.965,10126.833
Guatemala,GTM,2014,6.123,10553.564
Guatemala,GTM,2015,6.324,10785.958
Guatemala,GTM,2016,6.454,10872.594
Guatemala,GTM,2017,6.382,11005.459
Guatemala,GTM,2018,6.436,11192.372
Guatemala,GTM,2019,6.3989,11466.377
Guatemala,GTM,2020,6.435,11097.15
Guatemala,GTM,2021,6.262,11825.142
Guatemala,GTM,2022,6.15,12144.48
Guatemala,GTM,2023,6.287,12380.371
Guatemala,GTM,2024,6.362,12643.984
Guinea,GIN,2011,4.171,2673.4087
Guinea,GIN,2012,3.847,2762.9036
Guinea,GIN,2014,3.656,2834.9663
Guinea,GIN,2015,3.607,2869.8516
Guinea,GIN,2016,3.507,3099.7888
Guinea,GIN,2017,3.964,3332.7659
Guinea,GIN,2018,4.534,3455.645
Guinea,GIN,2019,4.9493,3557.4624
Guinea,GIN,2020,4.984,3630.9934
Guinea,GIN,2021,4.891,3738.8052
Guinea,GIN,2022,5.072,3792.0107
Guinea,GIN,2023,5.023,3904.824
Guinea,GIN,2024,4.929,4016.3418
Guyana,GUY,2011,5.993,10958.86
Haiti,HTI,2011,3.789,3300.8745
Haiti,HTI,2012,4.341,3266.4382
Haiti,HTI,2014,4.518,3403.575
Haiti,HTI,2015,4.028,3402.0283
Haiti,HTI,2016,3.603,3415.5823
Haiti,HTI,2017,3.582,3453.9714
Haiti,HTI,2018,3.597,3465.255
Haiti,HTI,2019,3.7208,3361.7532
Haiti,HTI,2020,3.615,3210.5361
Honduras,HND,2011,5.564,5488.4336
Honduras,HND,2012,5.142,5600.608
Honduras,HND,2014,4.788,5705.1626
Honduras,HND,2015,4.871,5812.5347
Honduras,HND,2016,5.181,5926.49
Honduras,HND,2017,5.504,6099.6074
Honduras,HND,2018,5.86,6219.28
Honduras,HND,2019,5.9532,6264.019
Honduras,HND,2020,5.919,5603.264
Honduras,HND,2021,6.022,6202.981
Honduras,HND,2022,6.023,6352.587
Honduras,HND,2023,5.968,6467.88
Honduras,HND,2024,5.964,6590.8438
Hong Kong,HKG,2011,5.424,58672.805
Hong Kong,HKG,2012,5.523,59015.316
Hong Kong,HKG,2014,5.474,61839.805
Hong Kong,HKG,2015,5.458,62779.754
Hong Kong,HKG,2016,5.472,63749.43
Hong Kong,HKG,2017,5.43,65662.85
Hong Kong,HKG,2018,5.43,66993.96
Hong Kong,HKG,2019,5.5104,65388.336
Hong Kong,HKG,2020,5.477,61328.535
Hong Kong,HKG,2021,5.425,65884.94
Hong Kong,HKG,2022,5.308,64035.65
Hong Kong,HKG,2023,5.316,64387.664
Hong Kong,HKG,2024,5.491,66186.05
Hungary,HUN,2011,4.943,28415.117
Hungary,HUN,2012,4.775,28179.656
Hungary,HUN,2014,4.8,30264.95
Hungary,HUN,2015,5.145,31485.568
Hungary,HUN,2016,5.324,32378.967
Hungary,HUN,2017,5.62,33828.715
Hungary,HUN,2018,5.758,35798.043
Hungary,HUN,2019,6.0004,37662.676
Hungary,HUN,2020,5.992,36119.52
Hungary,HUN,2021,6.086,38887.19
Hungary,HUN,2022,6.041,40610.973
Hungary,HUN,2023,6.017,40333.254
Hungary,HUN,2024,5.915,40747.2
Iceland,ISL,2011,6.888,57837.86
Iceland,ISL,2012,7.355,58203.637
Iceland,ISL,2014,7.561,60199.2
Iceland,ISL,2015,7.501,61820.363
Iceland,ISL,2016,7.504,64759.227
Iceland,ISL,2017,7.495,65462.504
Iceland,ISL,2018,7.494,66703.02
Iceland,ISL,2019,7.5045,65994.984
Iceland,ISL,2020,7.554,60617.145
Iceland,ISL,2021,7.557,62720.793
Iceland,ISL,2022,7.53,66581.24
Iceland,ISL,2023,7.525,69268.125
Iceland,ISL,2024,7.515,68230.36
India,IND,2011,4.975,5098.675
India,IND,2012,4.772,5303.502
India,IND,2014,4.565,5905.106
India,IND,2015,4.404,6301.6733
India,IND,2016,4.315,6741.149
India,IND,2017,4.19,7116.0366
India,IND,2018,4.015,7492.626
India,IND,2019,3.5733,7702.1763
India,IND,2020,3.819,7186.8643
India,IND,2021,3.777,7818.657
India,IND,2022,4.036,8347.385
India,IND,2023,4.054,8870.55
India,IND,2024,4.389,9416.052
Indonesia,IDN,2011,5.159,9274.97
Indonesia,IDN,2012,5.348,9708.612
Indonesia,IDN,2014,5.399,10504.387
Indonesia,IDN,2015,5.314,10893.662
Indonesia,IDN,2016,5.262,11319.663
Indonesia,IDN,2017,5.093,11772.574
Indonesia,IDN,2018,5.192,12262.231
Indonesia,IDN,2019,5.2856,12757.785
Indonesia,IDN,2020,5.345,12388.545
Indonesia,IDN,2021,5.24,12757.074
Indonesia,IDN,2022,5.277,13334.266
Indonesia,IDN,2023,5.568,13889.949
Indonesia,IDN,2024,5.617,14470.718
Iran,IRN,2011,5.149,15947.766
Iran,IRN,2012,4.643,15159.295
Iran,IRN,2014,4.686,15262.852
Iran,IRN,2015,4.813,14841.905
Iran,IRN,2016,4.692,15920.372
Iran,IRN,2017,4.707,16167.968
Iran,IRN,2018,4.548,15364.805
Iran,IRN,2019,4.6724,14841.075
Iran,IRN,2020,4.721,15381.585
Iran,IRN,2021,4.888,15884.428
Iran,IRN,2022,4.876,16377.961
Iran,IRN,2023,4.923,17044.816
Iran,IRN,2024,5.093,17484.133
Iraq,IRQ,2011,4.882,12267.585
Iraq,IRQ,2012,4.817,13357.015
Iraq,IRQ,2014,4.677,13536.823
Iraq,IRQ,2015,4.575,13516.027
Iraq,IRQ,2016,4.497,15016.092
Iraq,IRQ,2017,4.456,14417.631
Iraq,IRQ,2018,4.437,14456.235
Iraq,IRQ,2019,4.7848,14910.225
Iraq,IRQ,2020,4.854,12827.635
Iraq,IRQ,2021,4.941,12731.754
Iraq,IRQ,2022,4.941,13433.397
Iraq,IRQ,2023,5.166,13202.323
Iraq,IRQ,2024,4.976,12725.043
Ireland,IRL,2011,7.284,59797.055
Ireland,IRL,2012,7.076,59303.03
Ireland,IRL,2014,6.94,65463.195
Ireland,IRL,2015,6.907,80815.64
Ireland,IRL,2016,6.977,80760.09
Ireland,IRL,2017,6.977,87731.79
Ireland,IRL,2018,7.021,93115.836
Ireland,IRL,2019,7.0937,96205.8
Ireland,IRL,2020,7.085,101793.445
Ireland,IRL,2021,7.041,116702.86
Ireland,IRL,2022,6.911,123007.48
Ireland,IRL,2023,6.838,117659.73
Ireland,IRL,2024,6.889,118833.31
Israel,ISR,2011,7.199,39036.023
Israel,ISR,2012,7.301,39245.508
Israel,ISR,2014,7.278,40795.63
Israel,ISR,2015,7.267,40889.598
Israel,ISR,2016,7.213,41914.582
Israel,ISR,2017,7.19,42895.586
Israel,ISR,2018,7.139,43782.652
Israel,ISR,2019,7.1286,44492.12
Israel,ISR,2020,7.157,42926.543
Israel,ISR,2021,7.364,46151.1
Israel,ISR,2022,7.473,48132.363
Israel,ISR,2023,7.341,47671.246
Israel,ISR,2024,7.234,47388.723
Italy,ITA,2011,6.578,49473.016
Italy,ITA,2012,6.021,47795.957
Italy,ITA,2014,5.948,46825.652
Italy,ITA,2015,5.977,47311.824
Italy,ITA,2016,5.964,47987.84
Italy,ITA,2017,6.0,48849.22
Italy,ITA,2018,6.223,49355.875
Italy,ITA,2019,6.3874,49690.63
Italy,ITA,2020,6.483,45505.07
Italy,ITA,2021,6.467,49825.395
Italy,ITA,2022,6.405,52333.33
Italy,ITA,2023,6.324,52842.63
Italy,ITA,2024,6.415,53284.875
Jamaica,JAM,2011,6.208,9932.483
Jamaica,JAM,2012,5.374,9829.035
Jamaica,JAM,2014,5.709,9872.159
Jamaica,JAM,2015,5.51,9931.898
Jamaica,JAM,2016,5.311,10179.254
Jamaica,JAM,2017,5.89,10391.038
Jamaica,JAM,2018,5.89,10636.093
Jamaica,JAM,2019,5.8898,10816.372
Jamaica,JAM,2020,6.309,9891.97
Jamaica,JAM,2021,5.85,10430.691
Jamaica,JAM,2022,5.703,11096.638
Jamaica,JAM,2023,5.842,11398.8125
Jamaica,JAM,2024,5.87,11340.264
Japan,JPN,2011,6.059,41640.66
Japan,JPN,2012,6.064,42394.94
Japan,JPN,2014,5.987,43754.438
Japan,JPN,2015,5.921,44589.305
Japan,JPN,2016,5.92,44926.62
Japan,JPN,2017,5.915,45693.38
Japan,JPN,2018,5.886,46133.023
Japan,JPN,2019,5.8708,46055.35
Japan,JPN,2020,5.94,44212.55
Japan,JPN,2021,6.039,45999.46
Japan,JPN,2022,6.129,46819.36
Japan,JPN,2023,6.06,47387.22
Japan,JPN,2024,6.147,47479.844
Jordan,JOR,2011,5.706,11988.496
Jordan,JOR,2012,5.414,12104.122
Jordan,JOR,2014,5.192,11086.69
Jordan,JOR,2015,5.303,10469.631
Jordan,JOR,2016,5.336,10197.505
Jordan,JOR,2017,5.161,10220.493
Jordan,JOR,2018,4.906,10183.024
Jordan,JOR,2019,4.6334,10168.358
Jordan,JOR,2020,4.395,9872.31
Jordan,JOR,2021,4.152,10056.562
Jordan,JOR,2022,4.12,10158.474
Jordan,JOR,2023,4.186,10308.782
Jordan,JOR,2024,4.31,10468.266
Kazakhstan,KAZ,2011,5.594,27946.16
Kazakhstan,KAZ,2012,5.671,28881.242
Kazakhstan,KAZ,2014,5.855,30986.438
Kazakhstan,KAZ,2015,5.919,30893.76
Kazakhstan,KAZ,2016,5.819,30758.322
Kazakhstan,KAZ,2017,5.79,31524.441
Kazakhstan,KAZ,2018,5.809,32330.227
Kazakhstan,KAZ,2019,6.0579,33298.21
Kazakhstan,KAZ,2020,6.152,32011.549
Kazakhstan,KAZ,2021,6.234,32945.85
Kazakhstan,KAZ,2022,6.144,33506.26
Kazakhstan,KAZ,2023,6.188,34703.234
Kazakhstan,KAZ,2024,6.378,35973.965
Kenya,KEN,2011,4.18,4307.106
Kenya,KEN,2012,4.403,4387.938
Kenya,KEN,2014,4.419,4558.552
Kenya,KEN,2015,4.356,4679.622
Kenya,KEN,2016,4.553,4770.3105
Kenya,KEN,2017,4.41,4846.8623
Kenya,KEN,2018,4.509,5017.668
Kenya,KEN,2019,4.583,5171.7124
Kenya,KEN,2020,4.607,5057.4014
Kenya,KEN,2021,4.543,5338.8525
Kenya,KEN,2022,4.487,5491.694
Kenya,KEN,2023,4.47,5691.825
Kenya,KEN,2024,4.51,5841.5986
Kuwait,KWT,2011,6.574,64844.5
Kuwait,KWT,2012,6.515,64908.26
Kuwait,KWT,2014,6.295,60065.656
Kuwait,KWT,2015,6.239,57763.516
Kuwait,KWT,2016,6.105,56936.62
Kuwait,KWT,2017,6.083,52285.586
Kuwait,KWT,2018,6.021,51623.81
Kuwait,KWT,2019,6.1021,51380.645
Kuwait,KWT,2020,6.106,49372.82
Kuwait,KWT,2021,6.106,50651.957
Kuwait,KWT,2023,6.951,47790.19
Kuwait,KWT,2024,6.629,46664.22
Kyrgyzstan,KGZ,2011,4.828,5092.8516
Kyrgyzstan,KGZ,2012,5.042,4993.3945
Kyrgyzstan,KGZ,2014,5.286,5513.7544
Kyrgyzstan,KGZ,2015,5.185,5600.2144
Kyrgyzstan,KGZ,2016,5.004,5715.0103
Kyrgyzstan,KGZ,2017,5.131,5861.222
Kyrgyzstan,KGZ,2018,5.261,5951.8286
Kyrgyzstan,KGZ,2019,5.5415,6087.602
Kyrgyzstan,KGZ,2020,5.744,5537.7954
Kyrgyzstan,KGZ,2021,5.828,5736.479
Kyrgyzstan,KGZ,2022,5.825,6139.778
Kyrgyzstan,KGZ,2023,5.714,6575.7754
Kyrgyzstan,KGZ,2024,5.858,7210.5767
Laos,LAO,2011,5.161,5266.879
Laos,LAO,2012,4.787,5608.9697
Laos,LAO,2014,4.876,6341.2124
Laos,LAO,2015,4.876,6703.741
Laos,LAO,2017,4.623,7432.4595
Laos,LAO,2018,4.796,7775.086
Laos,LAO,2019,4.8886,8075.275
Laos,LAO,2020,5.03,7995.595
Laos,LAO,2021,5.14,8080.4355
Laos,LAO,2022,5.111,8183.0327
Laos,LAO,2023,5.139,8372.156
Laos,LAO,2024,5.301,8600.324
Latvia,LVA,2011,4.762,25308.732
Latvia,LVA,2012,5.046,27496.545
Latvia,LVA,2014,5.098,29243.742
Latvia,LVA,2015,5.56,30599.613
Latvia,LVA,2016,5.85,31668.516
Latvia,LVA,2017,5.933,33036.39
Latvia,LVA,2018,5.94,34729.707
Latvia,LVA,2019,5.95,35208.195
Latvia,LVA,2020,6.032,34225.9
Latvia,LVA,2021,6.18,36912.01
Latvia,LVA,2022,6.213,37718.71
Latvia,LVA,2023,6.234,37277.723
Latvia,LVA,2024,6.207,37615.08
Lebanon,LBN,2011,5.049,17353.195
Lebanon,LBN,2012,4.931,17323.3
Lebanon,LBN,2014,4.839,15205.873
Lebanon,LBN,2015,5.129,14980.0205
Lebanon,LBN,2016,5.225,15572.361
Lebanon,LBN,2017,5.199,16128.584
Lebanon,LBN,2018,5.197,16290.052
Lebanon,LBN,2019,4.7715,15659.566
Lebanon,LBN,2020,4.584,12507.437
Lebanon,LBN,2021,2.955,11599.775
Lebanon,LBN,2022,2.392,11474.751
Lebanon,LBN,2023,2.707,11330.269
Lebanon,LBN,2024,3.188,10469.221
Lesotho,LSO,2012,4.898,2894.227
Lesotho,LSO,2014,4.898,2930.6172
Lesotho,LSO,2016,3.808,3057.261
Lesotho,LSO,2017,3.808,2924.681
Lesotho,LSO,2018,3.802,2846.4182
Lesotho,LSO,2019,3.6528,2773.2864
Lesotho,LSO,2020,3.512,2517.1104
Lesotho,LSO,2021,3.512,2544.7825
Lesotho,LSO,2023,3.186,2592.457
Lesotho,LSO,2024,3.757,2697.6274
Liberia,LBR,2011,4.04,1601.0337
Liberia,LBR,2012,4.196,1668.9729
Liberia,LBR,2014,4.571,1750.1438
Liberia,LBR,2015,3.622,1714.0905
Liberia,LBR,2016,3.533,1653.3105
Liberia,LBR,2017,3.495,1661.3029
Liberia,LBR,2018,3.975,1647.9745
Liberia,LBR,2019,4.5579,1575.7666
Liberia,LBR,2020,4.625,1497.377
Liberia,LBR,2021,5.122,1539.2089
Liberia,LBR,2022,4.042,1578.9984
Liberia,LBR,2023,4.269,1616.9237
Liberia,LBR,2024,4.277,1646.0586
Libya,LBY,2011,5.178,10741.921
Libya,LBY,2012,5.34,20601.002
Libya,LBY,2014,5.754,12499.083
Libya,LBY,2015,5.615,12195.349
Libya,LBY,2016,5.525,11831.826
Libya,LBY,2017,5.566,15428.116
Libya,LBY,2018,5.525,16385.164
Libya,LBY,2019,5.4888,14337.196
Libya,LBY,2020,5.41,9978.664
Libya,LBY,2021,5.33,12641.51
Libya,LBY,2023,5.866,12476.598
Libya,LBY,2024,5.82,12583.834
Lithuania,LTU,2011,5.588,29251.877
Lithuania,LTU,2012,5.426,30932.098
Lithuania,LTU,2014,5.833,33988.016
Lithuania,LTU,2015,5.813,35264.715
Lithuania,LTU,2016,5.902,36632.082
Lithuania,LTU,2017,5.952,38789.246
Lithuania,LTU,2018,6.149,41035.402
Lithuania,LTU,2019,6.2155,43078.71
Lithuania,LTU,2020,6.255,43108.2
Lithuania,LTU,2021,6.446,45897.37
Lithuania,LTU,2022,6.763,46642.594
Lithuania,LTU,2023,6.818,46333.902
Lithuania,LTU,2024,6.829,47462.004
Luxembourg,LUX,2011,7.051,129887.625
Luxembourg,LUX,2012,7.054,128897.41
Luxembourg,LUX,2014,6.946,130249.55
Luxembourg,LUX,2015,6.871,130097.336
Luxembourg,LUX,2016,6.863,133661.73
Luxembourg,LUX,2017,6.91,132169.83
Luxembourg,LUX,2018,7.09,131733.89
Luxembourg,LUX,2019,7.2375,132724.75
Luxembourg,LUX,2020,7.324,129865.63
Luxembourg,LUX,2021,7.404,136772.44
Luxembourg,LUX,2022,7.228,132570.83
Luxembourg,LUX,2023,7.122,130048.92
Luxembourg,LUX,2024,7.122,128475.28
Madagascar,MDG,2011,4.309,1614.5514
Madagascar,MDG,2012,3.966,1617.7908
Madagascar,MDG,2014,3.681,1620.3579
Madagascar,MDG,2015,3.695,1627.5806
Madagascar,MDG,2016,3.644,1648.9122
Madagascar,MDG,2017,3.774,1669.7277
Madagascar,MDG,2018,3.933,1678.7863
Madagascar,MDG,2019,4.1656,1707.8315
Madagascar,MDG,2020,4.208,1545.7272
Madagascar,MDG,2021,4.339,1577.4325
Madagascar,MDG,2022,4.019,1602.4281
Madagascar,MDG,2023,4.228,1629.6055
Madagascar,MDG,2024,4.157,1659.1503
Malawi,MWI,2011,4.624,1533.2289
Malawi,MWI,2012,4.113,1518.1481
Malawi,MWI,2014,4.292,1597.5648
Malawi,MWI,2015,4.156,1597.6914
Malawi,MWI,2016,3.97,1593.5955
Malawi,MWI,2017,3.587,1613.0593
Malawi,MWI,2018,3.41,1638.9166
Malawi,MWI,2019,3.538,1687.2894
Malawi,MWI,2020,3.6,1656.4398
Malawi,MWI,2021,3.75,1687.5936
Malawi,MWI,2022,3.495,1659.9594
Malawi,MWI,2023,3.421,1649.2987
Malawi,MWI,2024,3.26,1634.2466
Malaysia,MYS,2011,5.823,24115.818
Malaysia,MYS,2012,5.76,25006.36
Malaysia,MYS,2014,5.77,26818.432
Malaysia,MYS,2015,6.005,27699.627
Malaysia,MYS,2016,6.084,28425.371
Malaysia,MYS,2017,6.322,29551.545
Malaysia,MYS,2018,5.339,30459.965
Malaysia,MYS,2019,5.3843,31300.508
Malaysia,MYS,2020,5.384,29200.453
Malaysia,MYS,2021,5.711,29822.85
Malaysia,MYS,2022,6.012,32129.223
Malaysia,MYS,2023,5.975,32857.668
Malaysia,MYS,2024,5.955,34116.23
Maldives,MDV,2019,5.1976,21855.502
Maldives,MDV,2020,5.198,14242.975
Mali,MLI,2011,3.967,2623.3462
Mali,MLI,2012,4.247,2520.5293
Mali,MLI,2014,3.995,2609.1672
Mali,MLI,2015,4.073,2686.5605
Mali,MLI,2016,4.19,2759.1106
Mali,MLI,2017,4.447,2816.1943
Mali,MLI,2018,4.39,2862.4072
Mali,MLI,2019,4.7293,2916.1716
Mali,MLI,2020,4.723,2796.4104
Mali,MLI,2021,4.479,2796.228
Mali,MLI,2022,4.198,2813.811
Mali,MLI,2023,4.232,2861.4805
Mali,MLI,2024,4.345,2917.9324
Malta,MLT,2011,5.96,37740.848
Malta,MLT,2012,5.964,38937.15
Malta,MLT,2014,6.302,43163.15
Malta,MLT,2015,6.488,46171.89
Malta,MLT,2016,6.527,46967.348
Malta,MLT,2017,6.627,51628.27
Malta,MLT,2018,6.726,53419.004
Malta,MLT,2019,6.7728,53393.42
Malta,MLT,2020,6.602,50389.695
Malta,MLT,2021,6.447,56823.996
Malta,MLT,2022,6.3,56874.434
Malta,MLT,2023,6.346,60459.766
Malta,MLT,2024,6.316,62398.49
Mauritania,MRT,2011,4.643,5653.2173
Mauritania,MRT,2012,4.758,5716.252
Mauritania,MRT,2014,4.436,5837.852
Mauritania,MRT,2015,4.201,5969.5425
Mauritania,MRT,2016,4.292,5866.2812
Mauritania,MRT,2017,4.356,6050.6216
Mauritania,MRT,2018,4.49,6153.6377
Mauritania,MRT,2019,4.3746,6162.2104
Mauritania,MRT,2020,4.227,5963.2354
Mauritania,MRT,2021,4.153,5836.566
Mauritania,MRT,2022,4.724,6053.2617
Mauritania,MRT,2023,4.505,6276.475
Mauritania,MRT,2024,4.542,6482.69
Mauritius,MUS,2011,5.477,19678.602
Mauritius,MUS,2012,5.477,20313.033
Mauritius,MUS,2014,5.477,21721.31
Mauritius,MUS,2015,5.648,22499.025
Mauritius,MUS,2016,5.629,23357.23
Mauritius,MUS,2017,5.891,24258.988
Mauritius,MUS,2018,5.888,25243.887
Mauritius,MUS,2019,6.1013,25958.49
Mauritius,MUS,2020,6.049,22272.54
Mauritius,MUS,2021,6.071,23010.201
Mauritius,MUS,2022,5.902,25005.066
Mauritius,MUS,2023,5.816,26471.035
Mauritius,MUS,2024,5.832,27844.896
Mexico,MEX,2011,6.74,20457.6
Mexico,MEX,2012,7.088,20898.936
Mexico,MEX,2014,7.187,21069.766
Mexico,MEX,2015,6.778,21408.928
Mexico,MEX,2016,6.578,21578.264
Mexico,MEX,2017,6.488,21777.523
Mexico,MEX,2018,6.595,21997.773
Mexico,MEX,2019,6.465,21704.186
Mexico,MEX,2020,6.317,19728.482
Mexico,MEX,2021,6.128,20782.588
Mexico,MEX,2022,6.33,21391.857
Mexico,MEX,2023,6.678,21864.924
Mexico,MEX,2024,6.979,21970.352
Moldova,MDA,2011,5.305,10217.309
Moldova,MDA,2012,5.791,10158.386
Moldova,MDA,2014,5.889,11641.121
Moldova,MDA,2015,5.897,11691.08
Moldova,MDA,2016,5.838,12377.366
Moldova,MDA,2017,5.64,13118.822
Moldova,MDA,2018,5.529,13895.504
Moldova,MDA,2019,5.6075,14621.24
Moldova,MDA,2020,5.766,13559.26
Moldova,MDA,2021,5.857,15682.07
Moldova,MDA,2022,5.819,15350.3125
Moldova,MDA,2023,5.816,15980.566
Moldova,MDA,2024,5.819,16393.863
Mongolia,MNG,2011,4.562,10960.096
Mongolia,MNG,2012,4.834,12078.919
Mongolia,MNG,2014,4.874,13943.428
Mongolia,MNG,2015,4.907,13974.597
Mongolia,MNG,2016,4.955,13898.1455
Mongolia,MNG,2017,5.125,14401.537
Mongolia,MNG,2018,5.285,15230.241
Mongolia,MNG,2019,5.4562,15790.696
Mongolia,MNG,2020,5.677,14801.342
Mongolia,MNG,2021,5.761,14792.251
Mongolia,MNG,2022,5.84,15310.435
Mongolia,MNG,2023,5.696,16222.864
Mongolia,MNG,2024,5.833,16842.65
Montenegro,MNE,2011,5.147,20110.486
Montenegro,MNE,2012,5.299,19576.412
Montenegro,MNE,2014,5.192,20641.764
Montenegro,MNE,2015,5.161,21131.842
Montenegro,MNE,2016,5.237,21834.092
Montenegro,MNE,2017,5.347,22513.781
Montenegro,MNE,2018,5.523,23562.176
Montenegro,MNE,2019,5.5461,24585.115
Montenegro,MNE,2020,5.581,20904.6
Montenegro,MNE,2021,5.547,23689.979
Montenegro,MNE,2022,5.722,25583.316
Montenegro,MNE,2023,5.707,27243.404
Montenegro,MNE,2024,5.877,28105.592
Morocco,MAR,2011,4.793,7503.793
Morocco,MAR,2012,4.885,7628.644
Morocco,MAR,2014,5.013,7951.7983
Morocco,MAR,2015,5.151,8198.809
Morocco,MAR,2016,5.235,8141.9404
Morocco,MAR,2017,5.254,8450.009
Morocco,MAR,2018,5.208,8611.75
Morocco,MAR,2019,5.0948,8768.176
Morocco,MAR,2020,4.918,8054.563
Morocco,MAR,2021,5.06,8623.266
Morocco,MAR,2022,4.903,8690.448
Morocco,MAR,2023,4.795,8915.352
Morocco,MAR,2024,4.622,9162.747
Mozambique,MOZ,2011,4.693,1275.5295
Mozambique,MOZ,2012,4.971,1338.516
Mozambique,MOZ,2014,4.971,1449.9293
Mozambique,MOZ,2016,4.55,1537.9086
Mozambique,MOZ,2017,4.417,1532.0073
Mozambique,MOZ,2018,4.466,1538.8351
Mozambique,MOZ,2019,4.6236,1528.8899
Mozambique,MOZ,2020,4.794,1466.1248
Mozambique,MOZ,2021,5.048,1457.2354
Mozambique,MOZ,2022,4.954,1476.7344
Mozambique,MOZ,2023,5.216,1512.6672
Mozambique,MOZ,2024,5.19,1500.7076
Myanmar,MMR,2011,5.322,4078.6123
Myanmar,MMR,2012,4.439,4340.9995
Myanmar,MMR,2014,4.307,5006.507
Myanmar,MMR,2015,4.395,5313.886
Myanmar,MMR,2016,4.545,5580.9897
Myanmar,MMR,2017,4.308,5877.8745
Myanmar,MMR,2018,4.36,6201.263
Myanmar,MMR,2019,4.308,6562.989
Myanmar,MMR,2020,4.426,5926.8345
Myanmar,MMR,2021,4.394,5178.4473
Myanmar,MMR,2022,4.372,5350.4766
Myanmar,MMR,2023,4.354,5364.138
Myanmar,MMR,2024,4.321,5276.2944
Namibia,NAM,2011,4.886,10965.273
Namibia,NAM,2015,4.574,12166.565
Namibia,NAM,2016,4.574,11846.788
Namibia,NAM,2017,4.441,11408.726
Namibia,NAM,2018,4.639,11214.386
Namibia,NAM,2019,4.5711,10813.305
Namibia,NAM,2020,4.574,9652.248
Namibia,NAM,2021,4.459,9709.1
Namibia,NAM,2022,4.631,9953.098
Namibia,NAM,2023,4.832,10126.236
Namibia,NAM,2024,4.911,10276.368
Nepal,NPL,2011,4.474,3176.6504
Nepal,NPL,2012,4.156,3316.5007
Nepal,NPL,2014,4.514,3621.7317
Nepal,NPL,2015,4.793,3745.2617
Nepal,NPL,2016,4.962,3743.7446
Nepal,NPL,2017,4.88,4071.7043
Nepal,NPL,2018,4.913,4371.3857
Nepal,NPL,2019,5.1372,4607.5244
Nepal,NPL,2020,5.269,4412.542
Nepal,NPL,2021,5.377,4546.2295
Nepal,NPL,2022,5.36,4763.3877
Nepal,NPL,2023,5.158,4861.2305
Nepal,NPL,2024,5.311,5047.4243
Netherlands,NLD,2011,7.512,62318.14
Netherlands,NLD,2012,7.512,61480.84
Netherlands,NLD,2014,7.378,62045.848
Netherlands,NLD,2015,7.339,63081.41
Netherlands,NLD,2016,7.377,64267.746
Netherlands,NLD,2017,7.441,65665.99
Netherlands,NLD,2018,7.488,66758.24
Netherlands,NLD,2019,7.4489,67847.88
Netherlands,NLD,2020,7.464,64862.188
Netherlands,NLD,2021,7.415,68573.56
Netherlands,NLD,2022,7.403,71324.04
Netherlands,NLD,2023,7.319,70198.95
Netherlands,NLD,2024,7.306,70493.91
New Zealand,NZL,2011,7.372,41961.92
New Zealand,NZL,2012,7.221,42693.42
New Zealand,NZL,2014,7.286,44369.766
New Zealand,NZL,2015,7.334,45097.016
New Zealand,NZL,2016,7.314,45746.137
New Zealand,NZL,2017,7.324,46285.98
New Zealand,NZL,2018,7.307,46974.684
New Zealand,NZL,2019,7.2996,47392.19
New Zealand,NZL,2020,7.277,46326.38
New Zealand,NZL,2021,7.2,48202.09
New Zealand,NZL,2022,7.123,49842.984
New Zealand,NZL,2023,7.029,49592.586
New Zealand,NZL,2024,6.952,48325.363
Nicaragua,NIC,2011,5.115,5976.2524
Nicaragua,NIC,2012,5.507,6275.787
Nicaragua,NIC,2014,5.828,6712.2173
Nicaragua,NIC,2015,5.992,6939.032
Nicaragua,NIC,2016,6.071,7158.7573
Nicaragua,NIC,2017,6.141,7391.1963
Nicaragua,NIC,2018,6.105,7049.027
Nicaragua,NIC,2019,6.1371,6756.5933
Nicaragua,NIC,2020,5.972,6523.3696
Nicaragua,NIC,2021,6.165,7119.169
Nicaragua,NIC,2022,6.259,7277.8203
Nicaragua,NIC,2023,6.284,7496.531
Nicaragua,NIC,2024,6.33,7661.094
Niger,NER,2011,4.122,1325.9265
Niger,NER,2012,4.152,1411.52
Niger,NER,2014,3.845,1471.5055
Niger,NER,2015,3.856,1480.3982
Niger,NER,2016,4.028,1488.0864
Niger,NER,2017,4.166,1515.483
Niger,NER,2018,4.628,1565.0197
Niger,NER,2019,4.9096,1605.1948
Niger,NER,2020,5.074,1622.2787
Niger,NER,2021,5.003,1587.8479
Niger,NER,2022,4.501,1724.897
Niger,NER,2023,4.556,1712.9703
Niger,NER,2024,4.725,1795.6527
Nigeria,NGA,2011,4.856,8153.5317
Nigeria,NGA,2012,5.248,8265.905
Nigeria,NGA,2014,5.268,8884.774
Nigeria,NGA,2015,4.875,8892.058
Nigeria,NGA,2016,5.074,8534.692
Nigeria,NGA,2017,5.155,8396.784
Nigeria,NGA,2018,5.265,8362.623
Nigeria,NGA,2019,4.7241,8361.787
Nigeria,NGA,2020,4.759,7664.211
Nigeria,NGA,2021,4.552,7588.479
Nigeria,NGA,2022,4.981,7752.262
Nigeria,NGA,2023,4.881,7843.004
Nigeria,NGA,2024,4.885,7994.0376
North Macedonia,MKD,2011,4.369,17201.236
North Macedonia,MKD,2012,4.574,17189.996
North Macedonia,MKD,2014,5.007,18452.207
North Macedonia,MKD,2015,5.121,19215.074
North Macedonia,MKD,2016,5.175,19825.773
North Macedonia,MKD,2017,5.185,20121.05
North Macedonia,MKD,2018,5.274,20805.922
North Macedonia,MKD,2019,5.1598,21766.885
North Macedonia,MKD,2020,5.101,20971.441
North Macedonia,MKD,2021,5.199,22144.193
North Macedonia,MKD,2022,5.254,22822.234
North Macedonia,MKD,2023,5.369,23455.223
North Macedonia,MKD,2024,5.503,24203.186
Norway,NOR,2011,7.524,84670.836
Norway,NOR,2012,7.655,85925.875
Norway,NOR,2014,7.522,86790.79
Norway,NOR,2015,7.498,87688.12
Norway,NOR,2016,7.537,88041.64
Norway,NOR,2017,7.594,89664.91
Norway,NOR,2018,7.554,90064.07
Norway,NOR,2019,7.488,90772.9
Norway,NOR,2020,7.392,89012.27
Norway,NOR,2021,7.365,92205.77
Norway,NOR,2022,7.315,95109.82
Norway,NOR,2023,7.302,94364.96
Norway,NOR,2024,7.262,94803.67
Oman,OMN,2012,6.853,41964.082
Oman,OMN,2014,6.853,39639.99
Oman,OMN,2024,6.197,36721.082
Pakistan,PAK,2011,5.149,4246.067
Pakistan,PAK,2012,5.292,4292.021
Pakistan,PAK,2014,5.194,4520.235
Pakistan,PAK,2015,5.132,4645.286
Pakistan,PAK,2016,5.269,4886.6123
Pakistan,PAK,2017,5.472,5031.5605
Pakistan,PAK,2018,5.653,5255.0635
Pakistan,PAK,2019,5.6933,5295.953
Pakistan,PAK,2020,4.934,5135.0146
Pakistan,PAK,2021,4.516,5367.2734
Pakistan,PAK,2022,4.555,5526.2793
Pakistan,PAK,2023,4.657,5418.7695
Pakistan,PAK,2024,4.768,5502.0737
Palestine,PSE,2011,4.555,5805.3213
Palestine,PSE,2012,4.7,6009.1094
Palestine,PSE,2014,4.715,5990.427
Palestine,PSE,2015,4.754,6072.6504
Palestine,PSE,2016,4.775,6464.1333
Palestine,PSE,2017,4.743,6426.7954
Palestine,PSE,2018,4.696,6342.9375
Palestine,PSE,2019,4.5528,6269.891
Palestine,PSE,2020,4.517,5423.6826
Palestine,PSE,2021,4.483,5663.1216
Palestine,PSE,2022,4.908,5753.084
Palestine,PSE,2023,4.879,5562.4243
Palestine,PSE,2024,4.78,4190.909
Panama,PAN,2011,6.863,24999.47
Panama,PAN,2012,7.143,26926.896
Panama,PAN,2014,6.786,28931.816
Panama,PAN,2015,6.701,29933.168
Panama,PAN,2016,6.452,30765.25
Panama,PAN,2017,6.43,31979.824
Panama,PAN,2018,6.321,32681.473
Panama,PAN,2019,6.3048,33163.72
Panama,PAN,2020,6.18,26881.828
Panama,PAN,2021,6.309,30932.764
Panama,PAN,2022,6.265,33915.168
Panama,PAN,2023,6.358,35872.973
Panama,PAN,2024,6.407,36394.92
Paraguay,PRY,2011,5.398,13107.811
Paraguay,PRY,2012,5.779,12833.18
Paraguay,PRY,2014,5.878,14217.558
Paraguay,PRY,2015,5.538,14425.777
Paraguay,PRY,2016,5.493,14824.791
Paraguay,PRY,2017,5.681,15318.401
Paraguay,PRY,2018,5.743,15591.015
Paraguay,PRY,2019,5.6921,15319.389
Paraguay,PRY,2020,5.653,14989.767
Paraguay,PRY,2021,5.578,15400.944
Paraguay,PRY,2022,5.738,15222.892
Paraguay,PRY,2023,5.977,15831.585
Paraguay,PRY,2024,6.172,16367.494
Peru,PER,2011,5.258,12724.883
Peru,PER,2012,5.776,13393.593
Peru,PER,2014,5.824,14242.645
Peru,PER,2015,5.743,14540.831
Peru,PER,2016,5.715,14915.437
Peru,PER,2017,5.663,15067.489
Peru,PER,2018,5.697,15384.185
Peru,PER,2019,5.7968,15461.457
Peru,PER,2020,5.84,13607.764
Peru,PER,2021,5.559,15285.7705
Peru,PER,2022,5.526,15566.524
Peru,PER,2023,5.841,15342.274
Peru,PER,2024,5.947,15708.833
Philippines,PHL,2011,4.825,6388.313
Philippines,PHL,2012,4.985,6697.556
Philippines,PHL,2014,5.073,7340.362
Philippines,PHL,2015,5.279,7691.763
Philippines,PHL,2016,5.43,8131.825
Philippines,PHL,2017,5.524,8584.136
Philippines,PHL,2018,5.631,9016.286
Philippines,PHL,2019,6.006,9452.294
Philippines,PHL,2020,5.88,8455.185
Philippines,PHL,2021,5.904,8857.79
Philippines,PHL,2022,5.523,9457.104
Philippines,PHL,2023,6.048,9898.533
Philippines,PHL,2024,6.107,10378.172
Poland,POL,2011,5.803,28521.662
Poland,POL,2012,5.822,28952.916
Poland,POL,2014,5.791,30334.879
Poland,POL,2015,5.835,31700.37
Poland,POL,2016,5.973,32675.305
Poland,POL,2017,6.123,34354.598
Poland,POL,2018,6.182,36500.41
Poland,POL,2019,6.1863,38181.62
Poland,POL,2020,6.166,37852.8
Poland,POL,2021,6.123,41059.586
Poland,POL,2022,6.26,43405.023
Poland,POL,2023,6.442,43672.766
Poland,POL,2024,6.673,45153.043
Portugal,PRT,2011,5.327,36127.297
Portugal,PRT,2012,5.101,34804.633
Portugal,PRT,2014,5.102,35097.41
Portugal,PRT,2015,5.123,35803.36
Portugal,PRT,2016,5.195,36636.297
Portugal,PRT,2017,5.41,37943.113
Portugal,PRT,2018,5.693,39123.613
Portugal,PRT,2019,5.9109,40188.285
Portugal,PRT,2020,5.929,36852.23
Portugal,PRT,2021,6.016,38657.668
Portugal,PRT,2022,5.968,41070.86
Portugal,PRT,2023,6.03,41768.258
Portugal,PRT,2024,6.013,42228.156
Puerto Rico,PRI,2011,6.593,40972.535
Puerto Rico,PRI,2015,7.039,41737.605
Qatar,QAT,2011,6.569,149025.11
Qatar,QAT,2012,6.666,147077.4
Qatar,QAT,2014,6.611,128013.984
Qatar,QAT,2015,6.375,123070.89
Qatar,QAT,2016,6.375,120054.41
Qatar,QAT,2017,6.374,115064.945
Qatar,QAT,2018,6.374,114909.945
Romania,ROU,2011,5.178,26150.748
Romania,ROU,2012,5.033,26767.455
Romania,ROU,2014,5.124,28156.13
Romania,ROU,2015,5.528,29181.879
Romania,ROU,2016,5.825,30189.148
Romania,ROU,2017,5.945,32852.637
Romania,ROU,2018,6.07,34828.895
Romania,ROU,2019,6.1237,36399.473
Romania,ROU,2020,6.14,35283.605
Romania,ROU,2021,6.477,37534.0
Romania,ROU,2022,6.589,39256.824
Romania,ROU,2023,6.491,40116.688
Romania,ROU,2024,6.563,40503.832
Russia,RUS,2011,5.284,34444.645
Russia,RUS,2012,5.464,35740.7
Russia,RUS,2014,5.716,35853.246
Russia,RUS,2015,5.856,35037.152
Russia,RUS,2016,5.963,35005.445
Russia,RUS,2017,5.81,35570.703
Russia,RUS,2018,5.648,36536.695
Russia,RUS,2019,5.546,37319.32
Russia,RUS,2020,5.477,36376.336
Russia,RUS,2021,5.459,38638.43
Russia,RUS,2022,5.661,38214.69
Russia,RUS,2023,5.785,39881.45
Russia,RUS,2024,5.945,41891.17
Rwanda,RWA,2011,4.204,1945.5371
Rwanda,RWA,2012,3.715,2063.6648
Rwanda,RWA,2014,3.465,2176.095
Rwanda,RWA,2015,3.515,2313.0972
Rwanda,RWA,2016,3.471,2386.7483
Rwanda,RWA,2017,3.408,2441.0854
Rwanda,RWA,2018,3.334,2577.6973
Rwanda,RWA,2019,3.3123,2753.5396
Rwanda,RWA,2020,3.415,2617.707
Rwanda,RWA,2021,3.268,2776.3928
Saudi Arabia,SAU,2011,6.597,58645.445
Saudi Arabia,SAU,2012,6.48,59471.7
Saudi Arabia,SAU,2014,6.411,58872.266
Saudi Arabia,SAU,2015,6.379,58498.54
Saudi Arabia,SAU,2016,6.344,57308.45
Saudi Arabia,SAU,2017,6.371,57942.547
Saudi Arabia,SAU,2018,6.375,61359.465
Saudi Arabia,SAU,2019,6.4065,62647.73
Saudi Arabia,SAU,2020,6.494,57420.734
Saudi Arabia,SAU,2021,6.523,62690.496
Saudi Arabia,SAU,2022,6.463,67178.59
Saudi Arabia,SAU,2023,6.594,64481.844
Saudi Arabia,SAU,2024,6.6,63194.434
Senegal,SEN,2011,4.414,3362.8794
Senegal,SEN,2012,3.959,3405.1086
Senegal,SEN,2014,3.904,3484.0122
Senegal,SEN,2015,4.219,3593.7947
Senegal,SEN,2016,4.535,3710.0554
Senegal,SEN,2017,4.631,3871.4514
Senegal,SEN,2018,4.681,3998.2864
Senegal,SEN,2019,4.9808,4070.6123
Senegal,SEN,2020,5.132,4018.0413
Senegal,SEN,2021,5.046,4173.6772
Senegal,SEN,2022,4.855,4228.734
Senegal,SEN,2023,4.969,4304.7617
Senegal,SEN,2024,4.856,4477.8174
Serbia,SRB,2011,4.564,17986.584
Serbia,SRB,2012,4.813,17993.814
Serbia,SRB,2014,5.123,17922.436
Serbia,SRB,2015,5.177,18247.809
Serbia,SRB,2016,5.395,18889.38
Serbia,SRB,2017,5.398,19438.992
Serbia,SRB,2018,5.603,20454.227
Serbia,SRB,2019,5.7782,21541.127
Serbia,SRB,2020,6.078,21479.078
Serbia,SRB,2021,6.178,23406.307
Serbia,SRB,2022,6.144,24651.848
Serbia,SRB,2023,6.411,25735.133
Serbia,SRB,2024,6.606,26900.742
Sierra Leone,SLE,2011,3.586,2590.5283
Sierra Leone,SLE,2012,4.318,2792.9263
Sierra Leone,SLE,2014,4.507,2812.5283
Sierra Leone,SLE,2015,4.635,2628.1707
Sierra Leone,SLE,2016,4.709,2732.261
Sierra Leone,SLE,2017,4.571,2753.4272
Sierra Leone,SLE,2018,4.374,2767.3801
Sierra Leone,SLE,2019,3.9264,2852.6626
Sierra Leone,SLE,2020,3.849,2752.6262
Sierra Leone,SLE,2021,3.574,2849.3887
Sierra Leone,SLE,2022,3.138,2934.7332
Sierra Leone,SLE,2023,3.245,3034.946
Sierra Leone,SLE,2024,2.998,3098.763
Singapore,SGP,2011,6.549,100153.73
Singapore,SGP,2012,6.546,102061.12
Singapore,SGP,2014,6.798,107990.89
Singapore,SGP,2015,6.739,109894.04
Singapore,SGP,2016,6.572,112719.945
Singapore,SGP,2017,6.343,117492.97
Singapore,SGP,2018,6.262,120668.89
Singapore,SGP,2019,6.3771,120678.34
Singapore,SGP,2020,6.377,116684.21
Singapore,SGP,2021,6.48,133990.19
Singapore,SGP,2022,6.587,134828.0
Singapore,SGP,2023,6.523,130296.84
Singapore,SGP,2024,6.565,134548.77
Slovakia,SVK,2011,5.657,30468.826
Slovakia,SVK,2012,5.969,30894.312
Slovakia,SVK,2014,5.995,31888.805
Slovakia,SVK,2015,6.078,33507.793
Slovakia,SVK,2016,6.098,34116.45
Slovakia,SVK,2017,6.173,35042.785
Slovakia,SVK,2018,6.198,36415.793
Slovakia,SVK,2019,6.2806,37194.21
Slovakia,SVK,2020,6.331,36201.49
Slovakia,SVK,2021,6.391,38330.305
Slovakia,SVK,2022,6.469,38648.984
Slovakia,SVK,2023,6.257,39501.95
Slovakia,SVK,2024,6.221,40302.453
Slovenia,SVN,2011,5.922,38233.29
Slovenia,SVN,2012,6.06,37040.707
Slovenia,SVN,2014,5.848,37662.258
Slovenia,SVN,2015,5.768,38534.645
Slovenia,SVN,2016,5.758,39674.895
Slovenia,SVN,2017,5.948,41700.652
Slovenia,SVN,2018,6.118,43369.223
Slovenia,SVN,2019,6.3634,44577.94
Slovenia,SVN,2020,6.461,42471.523
Slovenia,SVN,2021,6.63,45922.664
Slovenia,SVN,2022,6.65,47058.887
Slovenia,SVN,2023,6.743,47986.418
Slovenia,SVN,2024,6.792,48658.027
Somalia,SOM,2015,5.44,1343.9252
Somalia,SOM,2016,5.151,1384.1552
Somalia,SOM,2017,4.982,1527.6603
Somalia,SOM,2018,4.668,1504.9791
Somalia,SOM,2024,4.347,1409.335
South Africa,ZAF,2011,5.101,14434.261
South Africa,ZAF,2012,4.963,14563.763
South Africa,ZAF,2014,4.642,14643.339
South Africa,ZAF,2015,4.459,14541.675
South Africa,ZAF,2016,4.829,14501.281
South Africa,ZAF,2017,4.724,14573.598
South Africa,ZAF,2018,4.722,14553.562
South Africa,ZAF,2019,4.8141,14352.67
South Africa,ZAF,2020,4.956,13250.566
South Africa,ZAF,2021,5.194,13681.955
South Africa,ZAF,2022,5.275,13767.497
South Africa,ZAF,2023,5.422,13695.376
South Africa,ZAF,2024,5.213,13597.654
South Korea,KOR,2011,5.643,40719.227
South Korea,KOR,2012,6.267,41537.67
South Korea,KOR,2014,5.984,43806.926
South Korea,KOR,2015,5.835,44849.105
South Korea,KOR,2016,5.838,46088.242
South Korea,KOR,2017,5.875,47536.79
South Korea,KOR,2018,5.895,48834.445
South Korea,KOR,2019,5.8724,49790.867
South Korea,KOR,2020,5.845,49374.094
South Korea,KOR,2021,5.935,51718.25
South Korea,KOR,2022,5.951,53228.605
South Korea,KOR,2023,6.058,54029.344
South Korea,KOR,2024,6.038,55070.938
Spain,ESP,2011,6.761,42271.836
Spain,ESP,2012,6.322,41034.047
Spain,ESP,2014,6.329,41339.41
Spain,ESP,2015,6.361,43053.76
Spain,ESP,2016,6.403,44274.668
Spain,ESP,2017,6.31,45446.25
Spain,ESP,2018,6.354,46325.21
Spain,ESP,2019,6.4009,46896.418
Spain,ESP,2020,6.491,41553.45
Spain,ESP,2021,6.476,44251.664
Spain,ESP,2022,6.436,46733.48
Spain,ESP,2023,6.421,47322.594
Spain,ESP,2024,6.466,48460.293
Sri Lanka,LKA,2011,4.26,10618.492
Sri Lanka,LKA,2012,4.151,11447.693
Sri Lanka,LKA,2014,4.271,12909.966
Sri Lanka,LKA,2015,4.415,13329.779
Sri Lanka,LKA,2016,4.44,13845.614
Sri Lanka,LKA,2017,4.471,14572.485
Sri Lanka,LKA,2018,4.366,14759.825
Sri Lanka,LKA,2019,4.327,14637.444
Sri Lanka,LKA,2020,4.325,13886.651
Sri Lanka,LKA,2021,4.362,14316.135
Sri Lanka,LKA,2022,4.442,13249.065
Sri Lanka,LKA,2023,3.898,13065.07
Sri Lanka,LKA,2024,3.891,13793.067
Sudan,SDN,2011,4.424,4467.626
Sudan,SDN,2012,4.401,4145.9316
Sudan,SDN,2014,4.55,4207.5005
Sudan,SDN,2015,4.139,4159.1943
Sudan,SDN,2016,4.139,4174.561
Sudan,SDN,2017,4.139,4061.0183
Suriname,SUR,2012,6.269,24193.842
Suriname,SUR,2014,6.269,24414.355
Suriname,SUR,2015,6.269,23327.525
Sweden,SWE,2011,7.379,56846.137
Sweden,SWE,2012,7.48,56193.33
Sweden,SWE,2014,7.364,57077.668
Sweden,SWE,2015,7.291,58955.64
Sweden,SWE,2016,7.284,59460.29
Sweden,SWE,2017,7.314,59769.01
Sweden,SWE,2018,7.343,60124.57
Sweden,SWE,2019,7.3535,61070.523
Sweden,SWE,2020,7.363,59458.28
Sweden,SWE,2021,7.384,62190.85
Sweden,SWE,2022,7.395,62544.5
Sweden,SWE,2023,7.344,62122.51
Sweden,SWE,2024,7.345,62558.406
Switzerland,CHE,2011,7.499,76527.336
Switzerland,CHE,2012,7.65,76570.234
Switzerland,CHE,2014,7.587,78086.68
Switzerland,CHE,2015,7.509,78325.75
Switzerland,CHE,2016,7.494,78956.07
Switzerland,CHE,2017,7.487,79333.74
Switzerland,CHE,2018,7.48,81371.89
Switzerland,CHE,2019,7.5599,81694.63
Switzerland,CHE,2020,7.571,79270.875
Switzerland,CHE,2021,7.512,83524.984
Switzerland,CHE,2022,7.24,85762.28
Switzerland,CHE,2023,7.06,85383.36
Switzerland,CHE,2024,6.935,85448.055
Syria,SYR,2011,4.735,9854.034
Syria,SYR,2012,3.892,7296.329
Syria,SYR,2014,3.006,5414.375
Syria,SYR,2015,3.069,5414.839
Syria,SYR,2016,3.462,5128.9185
Syria,SYR,2017,3.462,5083.652
Syria,SYR,2018,3.462,5061.494
Tajikistan,TJK,2011,4.614,2572.4807
Tajikistan,TJK,2012,4.38,2700.0955
Tajikistan,TJK,2014,4.786,2943.0886
Tajikistan,TJK,2015,4.996,3041.4448
Tajikistan,TJK,2016,5.041,3169.9668
Tajikistan,TJK,2017,5.352,3312.712
Tajikistan,TJK,2018,5.467,3479.6924
Tajikistan,TJK,2019,5.5557,3649.8838
Tajikistan,TJK,2020,5.466,3724.749
Tajikistan,TJK,2021,5.377,3985.9126
Tajikistan,TJK,2022,5.33,4213.7563
Tajikistan,TJK,2023,5.281,4472.324
Tajikistan,TJK,2024,5.411,4755.933
Tanzania,TZA,2011,3.8,2779.7078
Tanzania,TZA,2012,3.77,2822.4854
Tanzania,TZA,2014,3.781,3027.569
Tanzania,TZA,2015,3.666,3111.4446
Tanzania,TZA,2016,3.349,3214.2468
Tanzania,TZA,2017,3.303,3318.2883
Tanzania,TZA,2018,3.231,3392.6887
Tanzania,TZA,2019,3.4762,3484.6326
Tanzania,TZA,2020,3.623,3449.8215
Tanzania,TZA,2021,3.702,3493.083
Tanzania,TZA,2022,3.694,3546.981
Tanzania,TZA,2023,3.781,3620.7935
Tanzania,TZA,2024,3.8,3713.263
Thailand,THA,2011,5.804,16768.168
Thailand,THA,2012,6.371,17871.578
Thailand,THA,2014,6.455,18326.605
Thailand,THA,2015,6.474,18814.041
Thailand,THA,2016,6.424,19372.713
Thailand,THA,2017,6.072,20096.861
Thailand,THA,2018,6.008,20882.17
Thailand,THA,2019,5.9988,21280.15
Thailand,THA,2020,5.985,19950.285
Thailand,THA,2021,5.891,20236.977
Thailand,THA,2022,5.843,20768.48
Thailand,THA,2023,5.976,21245.271
Thailand,THA,2024,6.222,21882.215
Togo,TGO,2011,3.007,2246.562
Togo,TGO,2012,2.936,2333.1929
Togo,TGO,2014,2.839,2501.4326
Togo,TGO,2015,3.303,2588.2727
Togo,TGO,2016,3.495,2648.901
Togo,TGO,2017,3.999,2708.6113
Togo,TGO,2018,4.085,2787.564
Togo,TGO,2019,4.1872,2862.6267
Togo,TGO,2020,4.107,2861.2979
Togo,TGO,2021,4.112,2952.0974
Togo,TGO,2022,4.137,3086.4087
Togo,TGO,2023,4.214,3215.823
Togo,TGO,2024,4.315,3351.25
Trinidad and Tobago,TTO,2011,6.263,34769.76
Trinidad and Tobago,TTO,2012,6.519,36903.69
Trinidad and Tobago,TTO,2014,6.168,39248.656
Trinidad and Tobago,TTO,2015,6.168,38963.965
Trinidad and Tobago,TTO,2016,6.168,35914.99
Trinidad and Tobago,TTO,2017,6.192,34095.99
Trinidad and Tobago,TTO,2018,6.192,33710.02
Trinidad and Tobago,TTO,2019,6.1919,33748.707
Trinidad and Tobago,TTO,2024,5.905,31960.156
Tunisia,TUN,2011,5.141,12068.714
Tunisia,TUN,2012,4.826,12436.3955
Tunisia,TUN,2014,4.739,12824.003
Tunisia,TUN,2015,5.045,12802.792
Tunisia,TUN,2016,4.805,12803.88
Tunisia,TUN,2017,4.592,12955.401
Tunisia,TUN,2018,4.461,13163.195
Tunisia,TUN,2019,4.3922,13243.902
Tunisia,TUN,2020,4.596,11955.599
Tunisia,TUN,2021,4.516,12444.326
Tunisia,TUN,2022,4.497,12712.224
Tunisia,TUN,2023,4.422,12650.962
Tunisia,TUN,2024,4.552,12774.916
Turkey,TUR,2011,5.234,21760.43
Turkey,TUR,2012,5.345,22517.715
Turkey,TUR,2014,5.332,24888.852
Turkey,TUR,2015,5.389,25984.803
Turkey,TUR,2016,5.5,26489.645
Turkey,TUR,2017,5.483,28194.688
Turkey,TUR,2018,5.373,28780.303
Turkey,TUR,2019,5.1318,28741.053
Turkey,TUR,2020,4.948,28976.719
Turkey,TUR,2021,4.744,32105.547
Turkey,TUR,2022,4.614,33520.812
Turkey,TUR,2023,4.975,35069.17
Turkey,TUR,2024,5.262,36154.492
Turkmenistan,TKM,2011,6.568,9837.563
Turkmenistan,TKM,2012,5.628,10689.354
Turkmenistan,TKM,2014,5.548,12423.925
Turkmenistan,TKM,2015,5.658,12926.664
Turkmenistan,TKM,2016,5.822,13420.385
Turkmenistan,TKM,2017,5.636,13963.404
Turkmenistan,TKM,2018,5.247,14499.168
Turkmenistan,TKM,2019,5.1191,15080.903
Turkmenistan,TKM,2020,5.066,15630.914
Turkmenistan,TKM,2021,5.474,16259.87
Uganda,UGA,2011,4.313,2384.4653
Uganda,UGA,2012,4.443,2405.0945
Uganda,UGA,2014,3.931,2470.504
Uganda,UGA,2015,3.739,2520.02
Uganda,UGA,2016,4.081,2554.2278
Uganda,UGA,2017,4.161,2543.8477
Uganda,UGA,2018,4.189,2613.88
Uganda,UGA,2019,4.432,2689.4102
Uganda,UGA,2020,4.636,2678.009
Uganda,UGA,2021,4.603,2684.9204
Uganda,UGA,2022,4.432,2724.906
Uganda,UGA,2023,4.372,2791.0557
Uganda,UGA,2024,4.461,2879.6702
Ukraine,UKR,2011,5.089,17783.957
Ukraine,UKR,2012,5.057,17848.74
Ukraine,UKR,2014,4.681,16978.812
Ukraine,UKR,2015,4.324,15403.71
Ukraine,UKR,2016,4.096,15856.8125
Ukraine,UKR,2017,4.103,16310.36
Ukraine,UKR,2018,4.332,16978.984
Ukraine,UKR,2019,4.5607,17636.555
Ukraine,UKR,2020,4.875,17092.54
Ukraine,UKR,2021,5.084,17846.408
Ukraine,UKR,2022,5.071,13787.121
Ukraine,UKR,2023,4.873,15916.958
Ukraine,UKR,2024,4.68,16371.441
United Arab Emirates,ARE,2011,6.977,73190.41
United Arab Emirates,ARE,2012,7.144,73644.055
United Arab Emirates,ARE,2014,6.901,74145.12
United Arab Emirates,ARE,2015,6.573,75238.555
United Arab Emirates,ARE,2016,6.648,75671.04
United Arab Emirates,ARE,2017,6.774,72529.04
United Arab Emirates,ARE,2018,6.825,72671.08
United Arab Emirates,ARE,2019,6.7908,72822.945
United Arab Emirates,ARE,2020,6.561,66808.62
United Arab Emirates,ARE,2021,6.576,68580.13
United Arab Emirates,ARE,2022,6.571,70075.64
United Arab Emirates,ARE,2023,6.733,70239.836
United Arab Emirates,ARE,2024,6.759,69701.79
United Kingdom,GBR,2011,6.936,47714.29
United Kingdom,GBR,2012,6.883,48099.66
United Kingdom,GBR,2014,6.867,49763.176
United Kingdom,GBR,2015,6.725,50462.832
United Kingdom,GBR,2016,6.714,51168.293
United Kingdom,GBR,2017,6.814,52429.13
United Kingdom,GBR,2018,7.054,52983.04
United Kingdom,GBR,2019,7.1645,53374.094
United Kingdom,GBR,2020,7.064,47930.55
United Kingdom,GBR,2021,6.943,51840.44
United Kingdom,GBR,2022,6.796,53979.77
United Kingdom,GBR,2023,6.749,53423.42
United Kingdom,GBR,2024,6.728,53412.066
United States,USA,2011,7.27,60253.203
United States,USA,2012,7.082,61142.363
United States,USA,2014,7.119,63026.88
United States,USA,2015,7.104,64367.72
United States,USA,2016,6.993,65025.984
United States,USA,2017,6.886,66164.03
United States,USA,2018,6.892,67728.445
United States,USA,2019,6.9396,69121.46
United States,USA,2020,6.951,67406.83
United States,USA,2021,6.977,71441.234
United States,USA,2022,6.894,72828.74
United States,USA,2023,6.725,74351.67
United States,USA,2024,6.724,75698.18
Uruguay,URY,2011,5.898,26099.312
Uruguay,URY,2012,6.355,26953.271
Uruguay,URY,2014,6.485,28935.086
Uruguay,URY,2015,6.545,28941.62
Uruguay,URY,2016,6.454,29332.557
Uruguay,URY,2017,6.379,29762.422
Uruguay,URY,2018,6.293,29757.928
Uruguay,URY,2019,6.4401,30010.562
Uruguay,URY,2020,6.431,27788.176
Uruguay,URY,2021,6.474,29431.873
Uruguay,URY,2022,6.494,30840.07
Uruguay,URY,2023,6.611,31100.969
Uruguay,URY,2024,6.661,32149.48
Uzbekistan,UZB,2011,5.225,6170.8413
Uzbekistan,UZB,2012,5.623,6525.497
Uzbekistan,UZB,2014,6.003,7344.443
Uzbekistan,UZB,2015,5.987,7792.236
Uzbekistan,UZB,2016,5.971,8172.922
Uzbekistan,UZB,2017,6.096,8413.3
Uzbekistan,UZB,2018,6.174,8742.549
Uzbekistan,UZB,2019,6.2576,9169.012
Uzbekistan,UZB,2020,6.179,9145.231
Uzbekistan,UZB,2021,6.063,9705.601
Uzbekistan,UZB,2022,6.014,10091.388
Uzbekistan,UZB,2023,6.195,10514.096
Uzbekistan,UZB,2024,6.193,10997.171
Vietnam,VNM,2011,5.425,7652.619
Vietnam,VNM,2012,5.533,7979.868
Vietnam,VNM,2014,5.36,8751.883
Vietnam,VNM,2015,5.061,9248.024
Vietnam,VNM,2016,5.074,9743.188
Vietnam,VNM,2017,5.103,10290.549
Vietnam,VNM,2018,5.175,10936.894
Vietnam,VNM,2019,5.3535,11628.614
Vietnam,VNM,2020,5.411,11851.396
Vietnam,VNM,2021,5.485,12048.902
Vietnam,VNM,2022,5.763,12979.764
Vietnam,VNM,2023,6.043,13534.8
Vietnam,VNM,2024,6.352,14396.422
Zambia,ZMB,2011,4.705,3335.6433
Zambia,ZMB,2012,5.006,3474.5525
Zambia,ZMB,2014,5.129,3585.5774
Zambia,ZMB,2015,4.795,3576.9255
Zambia,ZMB,2016,4.514,3598.1716
Zambia,ZMB,2017,4.377,3612.5059
Zambia,ZMB,2018,4.107,3646.9597
Zambia,ZMB,2019,3.7594,3591.5642
Zambia,ZMB,2020,4.073,3391.5955
Zambia,ZMB,2021,3.76,3503.035
Zambia,ZMB,2022,3.982,3585.1238
Zambia,ZMB,2023,3.502,3673.4841
Zambia,ZMB,2024,3.912,3708.069
Zimbabwe,ZWE,2011,3.978,4358.945
Zimbabwe,ZWE,2012,4.827,5003.509
Zimbabwe,ZWE,2014,4.61,5081.1343
Zimbabwe,ZWE,2015,4.193,5102.7363
Zimbabwe,ZWE,2016,3.875,5070.4243
Zimbabwe,ZWE,2017,3.692,5234.4067
Zimbabwe,ZWE,2018,3.663,5415.493
Zimbabwe,ZWE,2019,3.2992,4993.865
Zimbabwe,ZWE,2020,3.145,4527.7393
Zimbabwe,ZWE,2021,2.995,4827.1094
Zimbabwe,ZWE,2022,3.204,5036.783
Zimbabwe,ZWE,2023,3.341,5218.0454
Zimbabwe,ZWE,2024,3.396,5211.8975
